{"train_loss": 4.093534159660339, "action_accuracy": 0.1857142925262451, "l1_loss": 0.5406162464985995, "_timestamp": 1721834196.6424487, "_runtime": 648.9192385673523, "_step": 110}