{"train_loss": 4.307709360122681, "action_accuracy": 0.135714291036129, "l1_loss": 0.550812324929972, "_timestamp": 1721834140.5146873, "_runtime": 592.7914772033691, "_step": 100}