{"train_loss": 4.051857113838196, "action_accuracy": 0.15000000447034836, "l1_loss": 0.49966386554621856, "_timestamp": 1721834310.897748, "_runtime": 763.17453789711, "_step": 130}