{
  "libero_spatial": {
    "action": {
      "mean": [
        0.14935697615146637,
        0.13438792526721954,
        -0.15455277264118195,
        -0.005131055135279894,
        -0.01097908802330494,
        -0.01969567872583866,
        0.0939437747001648
      ],
      "std": [
        0.41547924280166626,
        0.34651458263397217,
        0.5087235569953918,
        0.037866756319999695,
        0.07196862250566483,
        0.057838138192892075,
        0.9953358173370361
      ],
      "max": [
        0.9375,
        0.9375,
        0.9375,
        0.1971428543329239,
        0.33642858266830444,
        0.375,
        1.0
      ],
      "min": [
        -0.9375,
        -0.9375,
        -0.9375,
        -0.18857142329216003,
        -0.3675000071525574,
        -0.36000001430511475,
        -1.0
      ],
      "q01": [
        -0.7607142925262451,
        -0.65625,
        -0.9375,
        -0.10821428894996643,
        -0.2046428620815277,
        -0.18642857670783997,
        -1.0
      ],
      "q99": [
        0.9375,
        0.8732143044471741,
        0.9348214268684387,
        0.10499999672174454,
        0.17571428418159485,
        0.1435714215040207,
        1.0
      ],
      "mask": [
        true,
        true,
        true,
        true,
        true,
        true,
        false
      ]
    },
    "proprio": {
      "mean": [
        0.0,
        0.0,
        0.0,
        0.0,
        0.0,
        0.0,
        0.0
      ],
      "std": [
        0.0,
        0.0,
        0.0,
        0.0,
        0.0,
        0.0,
        0.0
      ],
      "max": [
        0.0,
        0.0,
        0.0,
        0.0,
        0.0,
        0.0,
        0.0
      ],
      "min": [
        0.0,
        0.0,
        0.0,
        0.0,
        0.0,
        0.0,
        0.0
      ],
      "q01": [
        0.0,
        0.0,
        0.0,
        0.0,
        0.0,
        0.0,
        0.0
      ],
      "q99": [
        0.0,
        0.0,
        0.0,
        0.0,
        0.0,
        0.0,
        0.0
      ]
    },
    "num_transitions": 62250,
    "num_trajectories": 500
  }
}