{"_wandb": {"runtime": 35}, "train_loss": 13.065474128723144, "action_accuracy": 0.07857143208384514, "l1_loss": 0.42549019607843136, "_timestamp": 1721832852.357791, "_runtime": 18.780751943588257, "_step": 0}