{"_wandb": {"runtime": 69}, "train_loss": 11.98641586303711, "action_accuracy": 0.1000000037252903, "l1_loss": 0.41607843137254896, "_timestamp": 1721832494.771303, "_runtime": 21.134070873260498, "_step": 0}