{
  "libero_spatial_sub": {
    "action": {
      "mean": [
        0.1349209100008011,
        0.14254498481750488,
        -0.16580484807491302,
        -0.007858495227992535,
        -0.023709610104560852,
        -0.020644675940275192,
        0.0038022813387215137
      ],
      "std": [
        0.4576946198940277,
        0.31634241342544556,
        0.4397389590740204,
        0.038805633783340454,
        0.07282965630292892,
        0.04786099120974541,
        0.9999855756759644
      ],
      "max": [
        0.9375,
        0.918749988079071,
        0.9375,
        0.17571428418159485,
        0.23571428656578064,
        0.12535713613033295,
        1.0
      ],
      "min": [
        -0.7848214507102966,
        -0.6803571581840515,
        -0.9375,
        -0.15535713732242584,
        -0.3107142746448517,
        -0.26357144117355347,
        -1.0
      ],
      "q01": [
        -0.6000000238418579,
        -0.35327677518129347,
        -0.9375,
        -0.11357142776250839,
        -0.2322642870247364,
        -0.17249999940395355,
        -1.0
      ],
      "q99": [
        0.9375,
        0.8491071462631226,
        0.862205368876458,
        0.10499999672174454,
        0.14678572118282318,
        0.07178571075201035,
        1.0
      ],
      "mask": [
        true,
        true,
        true,
        true,
        true,
        true,
        false
      ]
    },
    "proprio": {
      "mean": [
        0.0,
        0.0,
        0.0,
        0.0,
        0.0,
        0.0,
        0.0
      ],
      "std": [
        0.0,
        0.0,
        0.0,
        0.0,
        0.0,
        0.0,
        0.0
      ],
      "max": [
        0.0,
        0.0,
        0.0,
        0.0,
        0.0,
        0.0,
        0.0
      ],
      "min": [
        0.0,
        0.0,
        0.0,
        0.0,
        0.0,
        0.0,
        0.0
      ],
      "q01": [
        0.0,
        0.0,
        0.0,
        0.0,
        0.0,
        0.0,
        0.0
      ],
      "q99": [
        0.0,
        0.0,
        0.0,
        0.0,
        0.0,
        0.0,
        0.0
      ]
    },
    "num_transitions": 6312,
    "num_trajectories": 50
  }
}