{"train_loss": 11.123923587799073, "action_accuracy": 0.13571429029107093, "l1_loss": 0.35053221288515407, "_timestamp": 1721832720.776907, "_runtime": 74.04578804969788, "_step": 10, "_wandb": {"runtime": 101}}